stop_id,stop_name,route_count,total_daily_trips,p_morning,p_daytime,p_night,latitude,longitude,elevation,osm_node_id,osm_node_dist
S0001,すずらんの丘,1,24,0.5276,0.2749,0.2061,41.806366,140.807323,96.8,2722119436,140.8
S0002,ななえ新病院,3,98,0.9561,0.8134,0.6177,41.896414,140.704437,134.0,1620297371,4793.6
S0003,はこだて未来大学,6,216,0.9972,0.9789,0.9043,41.842053,140.767011,129.1,3561118665,49.6
S0004,めぐみ幼稚園前,1,59,0.8806,0.6049,0.4384,41.895721,140.694412,78.0,1620297125,5306.7
S0005,よつば学園前,1,21,0.3935,0.2212,0.2649,41.895721,140.694412,78.0,1620297125,5306.7
S0006,アカシヤ団地,2,46,0.7472,0.5602,0.3697,41.895721,140.694412,78.0,1620297125,5306.7
S0007,ガス会社前,14,541,0.9994,0.9994,0.9986,41.895721,140.694412,78.0,1620297125,5306.7
S0008,コンテ日吉,3,108,0.9436,0.8439,0.6965,41.78849,140.790161,27.8,5613261863,60.2
S0009,サン・リフレ函館前,1,12,0.2212,0.1016,0.1426,41.895721,140.694412,78.0,1620297125,5306.7
S0010,テーオーデパート前,16,589,0.9994,0.9994,0.9987,41.895721,140.694412,78.0,1620297125,5306.7
S0011,トラピスチヌ入口,5,215,0.9981,0.9729,0.9079,41.7878634722222,140.822516694444,65.1,5516519282,16.0
S0012,トラピスチヌ前,1,45,0.5276,0.5602,0.4164,41.7878634722222,140.822516694444,65.1,5516519282,16.0
S0013,ポリテクセンター函館,7,265,0.9994,0.9893,0.9483,41.895721,140.694412,78.0,1620297125,5306.7
S0014,ラビスタ函館ベイ前,1,48,0.5831,0.5105,0.48,41.895721,140.694412,78.0,1620297125,5306.7
S0015,リサイクルＣ,1,52,0.7135,0.6575,0.3697,41.895721,140.694412,78.0,1620297125,5306.7
S0016,ロープウェイ前,2,82,0.8031,0.7332,0.6594,41.7598047233333,140.705166017778,284.1,4508499231,118.6
S0017,七重浜の湯前,1,33,0.3935,0.3935,0.3697,41.812401,140.707596,1.7,472636119,400.6
S0018,七重浜保育園前,3,134,0.9658,0.9086,0.7496,41.812401,140.707596,1.7,472636119,400.6
S0019,七重浜駅通,3,116,0.9561,0.8908,0.6594,41.812401,140.707596,1.7,472636119,400.6
S0020,七重浜５丁目,3,85,0.9361,0.7135,0.6177,41.823803,140.708633,4.5,13078822389,203.2
S0021,七重浜７丁目,1,33,0.3935,0.3935,0.3697,41.818443,140.699829,3.1,5791826442,1125.3
S0022,七重浜８丁目,4,118,0.9658,0.8439,0.7496,41.822292,140.688599,3.7,1620292687,1723.3
S0023,七飯,2,46,0.7472,0.5602,0.3697,41.895721,140.694412,78.0,1620297125,5306.7
S0024,七飯中通,1,23,0.4647,0.3486,0.1426,41.895721,140.694412,78.0,1620297125,5306.7
S0025,七飯役場前,2,46,0.7472,0.5602,0.3697,41.895721,140.694412,78.0,1620297125,5306.7
S0026,七飯役場通,2,46,0.7472,0.5602,0.3697,41.895721,140.694412,78.0,1620297125,5306.7
S0027,七飯本町２丁目,1,23,0.4647,0.3486,0.1426,41.895721,140.694412,78.0,1620297125,5306.7
S0028,七飯桜町,1,23,0.4647,0.3486,0.1426,41.895721,140.694412,78.0,1620297125,5306.7
S0029,七飯駅入口,1,23,0.4647,0.3486,0.1426,41.895721,140.694412,78.0,1620297125,5306.7
S0030,七飯高校前,2,75,0.9276,0.7135,0.48,41.895721,140.694412,78.0,1620297125,5306.7
S0031,万代町,1,14,0.2212,0.2212,0.1426,41.787868,140.728546,2.4,672694032,82.2
S0032,万年橋,2,95,0.9276,0.7923,0.6846,41.795999,140.730712,2.2,1204472785,32.2
S0033,三育小学校前,1,59,0.8806,0.6049,0.4384,41.885212,140.862305,406.8,2636781002,1267.9
S0034,上大中山,3,98,0.9561,0.8134,0.6177,41.894684,140.744568,404.6,1620298104,2306.2
S0035,上桔梗,1,59,0.8806,0.6049,0.4384,41.829765,140.729477,29.2,5137535074,31.9
S0036,上湯川小学校下,5,215,0.9981,0.9729,0.9079,41.786339,140.818909,39.6,2629082718,45.7
S0037,上瀬戸川町,2,110,0.9436,0.8134,0.7853,41.786339,140.818909,39.6,2629082718,45.7
S0038,上磯漁港前,1,33,0.3935,0.3935,0.3697,41.786339,140.818909,39.6,2629082718,45.7
S0039,上磯駅前通,1,33,0.3935,0.3935,0.3697,41.819935,140.646622,1.2,505082286,4776.1
S0040,上谷好,1,33,0.3935,0.3935,0.3697,41.786339,140.818909,39.6,2629082718,45.7
S0041,上陣川,1,21,0.3935,0.2212,0.2649,41.786339,140.818909,39.6,2629082718,45.7
S0042,下赤川,8,255,0.9987,0.9897,0.9397,41.841915,140.771942,101.6,505155347,65.6
S0043,世界救世教前,5,203,0.9972,0.9729,0.8747,41.895721,140.694412,78.0,1620297125,5306.7
S0044,中の橋,8,235,0.9994,0.9817,0.9114,41.784119,140.741837,6.6,1681848645,8.9
S0045,中の沢,1,59,0.8806,0.6049,0.4384,41.849528,140.733522,61.6,5874019778,33.1
S0046,中央図書館前,11,387,0.9994,0.9987,0.9824,41.82373,140.654999,1.6,505082286,3966.6
S0047,中央大川,3,98,0.9561,0.8134,0.6177,41.82373,140.654999,1.6,505082286,3966.6
S0048,中央小学校前,24,913,0.9994,0.9994,0.9994,41.82373,140.654999,1.6,505082286,3966.6
S0049,中央昭和,3,100,0.8806,0.8199,0.6965,41.82373,140.654999,1.6,505082286,3966.6
S0050,中央病院前,26,1218,1.0,1.0,1.0,41.78662,140.75095,16.2,12235010588,11.5
S0051,中央自動車学校前,5,204,0.9964,0.9676,0.9043,41.82373,140.654999,1.6,505082286,3966.6
S0052,中部高校前,1,31,0.3935,0.3935,0.345,41.784119,140.741837,6.6,1681848645,8.9
S0053,中部高校裏,5,158,0.9933,0.9263,0.8087,41.784119,140.741837,6.6,1681848645,8.9
S0054,乃木町,1,31,0.3935,0.3935,0.345,41.78091,140.763519,10.5,667389654,17.5
S0055,久根別,4,118,0.9658,0.8439,0.7496,41.824741,140.678421,3.1,472636152,2375.5
S0056,久根別小学校前,4,118,0.9658,0.8439,0.7496,41.824741,140.678421,3.1,472636152,2375.5
S0057,亀田中学校前,18,688,0.9994,0.9994,0.9994,41.874508,140.774002,254.1,1620297618,433.2
S0058,亀田中野,1,46,0.8031,0.4927,0.3697,41.874508,140.774003,254.1,1620297618,433.3
S0059,亀田外郭通,2,46,0.7769,0.5105,0.3935,41.808979,140.726761,3.5,1921745254,24.8
S0060,亀田小学校前,6,192,0.9972,0.9664,0.8422,41.808979,140.726761,3.5,1921745254,24.8
S0061,亀田支所前,37,1329,0.9994,0.9994,0.9994,41.808979,140.726761,3.5,1921745254,24.8
S0062,亀田町,12,446,0.9994,0.9996,0.995,41.795479,140.73378,3.7,5685411739,29.4
S0063,五稜郭,36,1253,0.9994,0.9994,0.9994,41.796043,140.754373,15.0,4792248650,39.3
S0064,五稜郭タワー,2,98,0.9436,0.8134,0.6177,41.794548,140.753809,12.6,5677728091,14.9
S0065,五稜郭・大村美容,2,49,0.4647,0.5602,0.48,41.796043,140.754379,15.0,4792248650,39.4
S0066,五稜郭公園入口,28,929,0.9994,0.9994,0.9994,41.796043,140.754379,15.0,4792248650,39.4
S0067,五稜郭公園裏,11,387,0.9994,0.9987,0.9824,41.796043,140.754379,15.0,4792248650,39.4
S0068,五稜郭病院前,3,113,0.9734,0.8134,0.7398,41.796043,140.754379,15.0,4792248650,39.4
S0069,五稜郭駅前,9,343,0.9997,0.997,0.9865,41.801025,140.734675,5.0,12474923173,25.6
S0070,人見町,1,31,0.3935,0.3935,0.345,41.781761,140.759598,11.3,666221629,17.0
S0071,低区貯水池,8,255,0.9987,0.9897,0.9397,41.895721,140.694412,78.0,1620297125,5306.7
S0072,元町（市内）,6,206,0.9964,0.9729,0.884,41.763149,140.712158,42.8,12997765940,7.5
S0073,元町／西高校前,1,24,0.3935,0.2749,0.2926,41.763149,140.712158,42.8,12997765940,7.5
S0074,児童公園前,2,97,0.9436,0.7923,0.6594,41.895721,140.694412,78.0,1620297125,5306.7
S0075,入舟町,5,156,0.9889,0.9361,0.8087,41.76738,140.695312,2.5,501597975,47.4
S0076,公会堂前,5,156,0.9889,0.9361,0.8087,41.820747,140.635788,4.1,505082286,5513.4
S0077,共愛会病院前,3,79,0.9436,0.7135,0.5185,41.78543258,140.74040013,4.3,5630346953,49.0
S0078,函館アリーナ,7,310,0.9994,0.9948,0.9786,41.752647,140.701813,207.0,757022873,264.6
S0079,函館バスセンター,2,44,0.7769,0.5105,0.3697,41.752647,140.701813,207.0,757022873,264.6
S0080,函館フットボール,1,24,0.5276,0.2749,0.2061,41.802731,140.788444,42.8,1923677993,53.8
S0081,函館フットボールパーク前,3,98,0.9658,0.7847,0.6177,41.752647,140.701813,207.0,757022873,264.6
S0082,函館公園,1,12,0.2212,0.1016,0.1426,41.756418,140.717803,17.3,6749625783,15.6
S0083,函館公園通,1,12,0.2212,0.1016,0.1426,41.756418,140.717803,17.3,6749625783,15.6
S0084,函館国際ホテル,1,48,0.5831,0.5105,0.48,41.752647,140.701813,207.0,757022873,264.6
S0085,函館地方気象台,16,537,0.9994,0.9994,0.9965,41.816894,140.753346,34.6,12509792469,36.9
S0086,函館大学前,7,291,0.9998,0.9917,0.9648,41.752647,140.701813,207.0,757022873,264.6
S0087,函館新幹線車両所,1,23,0.4647,0.3486,0.1426,41.752647,140.701813,207.0,757022873,264.6
S0088,函館朝市前,1,48,0.5831,0.5105,0.48,41.752647,140.701813,207.0,757022873,264.6
S0089,函館牛乳あいす１１８,1,53,0.8031,0.6049,0.3697,41.752647,140.701813,207.0,757022873,264.6
S0090,函館盲学校前,6,192,0.9972,0.9664,0.8422,41.752647,140.701813,207.0,757022873,264.6
S0091,函館石川郵便局,8,322,0.9994,0.9955,0.9483,41.833991,140.745689,45.5,5808553390,29.1
S0092,函館税務署入口,3,79,0.9436,0.7135,0.5185,41.752647,140.701813,207.0,757022873,264.6
S0093,函館空港,7,301,0.9994,0.9917,0.9686,41.775008,140.817516,31.6,5518831827,29.6
S0094,函館自動車学校前,2,75,0.8806,0.6923,0.5709,41.752647,140.701813,207.0,757022873,264.6
S0095,函館記念病院,3,100,0.8806,0.8199,0.6965,41.752647,140.701813,207.0,757022873,264.6
S0096,函館青年寮前,1,46,0.8031,0.4927,0.3697,41.752647,140.701813,207.0,757022873,264.6
S0097,函館駅前,36,1594,1.0,1.0,1.0,41.772365,140.727897,1.4,6204898850,16.2
S0098,函館高専前,7,291,0.9998,0.9917,0.9648,41.752647,140.701813,207.0,757022873,264.6
S0099,函館高等支援学校,7,263,0.9994,0.9889,0.9114,41.838911,140.742089,45.4,5809002691,21.8
S0100,北中学校通,1,43,0.8031,0.5105,0.3193,41.827557,140.746552,38.0,5807275454,23.9
S0101,北大前,1,44,0.8031,0.4551,0.3935,41.827557,140.746552,38.0,5807275454,23.9
S0102,北大川,3,98,0.9561,0.8134,0.6177,41.827557,140.746552,38.0,5807275454,23.9
S0103,北大裏,3,116,0.9561,0.8908,0.6594,41.827557,140.746552,38.0,5807275454,23.9
S0104,北斗市役所通,1,33,0.3935,0.3935,0.3697,41.827557,140.746552,38.0,5807275454,23.9
S0105,北斗消防署,1,33,0.3935,0.3935,0.3697,41.87789,140.649071,23.9,505082286,5481.0
S0106,北浜町,2,95,0.9276,0.7923,0.6846,41.798096,140.727478,1.9,12787489392,3.3
S0107,北美原クリニック前,6,260,0.9994,0.9897,0.9043,41.827557,140.746552,38.0,5807275454,23.9
S0108,北美原小学校前,6,224,0.9987,0.9817,0.8926,41.827557,140.746552,38.0,5807275454,23.9
S0109,北美原２丁目,6,224,0.9987,0.9817,0.8926,41.82877,140.75,45.4,1911809552,19.1
S0110,医師会病院前,15,475,0.9994,0.9997,0.9961,41.80696,140.752904,19.3,292277408,35.5
S0111,十字街,14,890,1.0,1.0,1.0,41.764408,140.719471,2.4,2518169500,33.5
S0112,千代台,26,1218,1.0,1.0,1.0,41.78396,140.7484,12.1,12235054915,10.7
S0113,千歳町,24,1176,1.0,1.0,1.0,41.77598,140.7384,3.6,757025129,5.6
S0114,南大川,3,98,0.9561,0.8134,0.6177,41.865112,140.647629,15.1,505082286,4679.7
S0115,南昭和,3,100,0.8806,0.8199,0.6965,41.865112,140.647629,15.1,505082286,4679.7
S0116,南桔梗,1,59,0.8806,0.6049,0.4384,41.865112,140.647629,15.1,505082286,4679.7
S0117,南石川,1,46,0.8031,0.4927,0.3697,41.865112,140.647629,15.1,505082286,4679.7
S0118,吉川町,2,95,0.9276,0.7923,0.6846,41.793812,140.729492,1.8,5680032725,70.9
S0119,吉田眼科病院,5,177,0.9948,0.9465,0.8594,41.793812,140.729492,1.8,5680032725,70.9
S0120,啄木小公園,1,37,0.7769,0.4551,0.2649,41.895721,140.694412,78.0,1620297125,5306.7
S0121,団地通,7,265,0.9994,0.9893,0.9483,41.8653376430556,140.661174701667,14.8,505082286,3796.1
S0122,国立病院前,2,75,0.8806,0.6923,0.5709,41.895721,140.694412,78.0,1620297125,5306.7
S0123,園芸センター,1,46,0.8031,0.4927,0.3697,41.895721,140.694412,78.0,1620297125,5306.7
S0124,堀川町,23,1145,1.0,1.0,1.0,41.78065,140.7443,6.9,428063888,6.2
S0125,堀川町中通,1,31,0.3935,0.3935,0.345,41.778187,140.743866,5.1,4776488097,8.0
S0126,大妻高校前,6,224,0.9987,0.9729,0.9269,41.769276,140.723694,1.3,12208813713,41.2
S0127,大川,3,98,0.9561,0.8134,0.6177,41.89724,140.771698,538.9,2647268193,445.9
S0128,大川２号橋,3,98,0.9561,0.8134,0.6177,41.85244,140.725342,38.9,1620296341,124.7
S0129,大森稲荷前,1,37,0.7769,0.4551,0.2649,41.767849,140.734055,4.0,4775632533,11.1
S0130,大縄町,8,235,0.9994,0.9817,0.9114,41.840172,140.623672,32.3,505082286,5948.6
S0131,大谷学園前,2,70,0.8806,0.6187,0.5541,41.769276,140.723694,1.3,12208813713,41.2
S0132,大野新道入口,12,446,0.9994,0.9996,0.995,41.769276,140.723694,1.3,12208813713,41.2
S0133,太平洋セメント,1,33,0.3935,0.3935,0.3697,41.81747,140.629829,4.9,505082286,6116.5
S0134,学園前,17,718,0.9994,0.9994,0.9998,41.80294127,140.7770062,24.8,5694860877,23.8
S0135,宇賀浦町,1,37,0.7769,0.4551,0.2649,41.771122,140.744232,4.1,5535564847,47.2
S0136,宝来町,3,276,0.9948,0.9796,0.9589,41.760837,140.720069,3.8,4138542438,10.3
S0137,宮の苑,1,21,0.3935,0.2212,0.2649,41.789673,140.738327,4.4,1925399237,42.4
S0138,宮前町,12,474,0.9994,0.9998,0.9964,41.789673,140.738327,4.4,1925399237,42.4
S0139,富岡,15,475,0.9994,0.9997,0.9961,41.806444,140.744064,14.1,1925399916,30.2
S0140,富川会館前,1,33,0.3935,0.3935,0.3697,41.806084,140.622513,2.4,5418417986,7043.3
S0141,山の手団地,4,160,0.9817,0.9446,0.8087,41.806767,140.779846,38.3,12314168768,35.6
S0142,山の手１丁目,4,160,0.9817,0.9446,0.8087,41.806767,140.779846,38.3,12314168768,35.6
S0143,山の手２丁目,1,43,0.8031,0.5105,0.3193,41.801025,140.781403,32.2,1925465285,17.7
S0144,山の手３丁目,1,43,0.8031,0.5105,0.3193,41.805927,140.784393,41.3,1923678377,14.6
S0145,工業高校前,6,224,0.9987,0.9729,0.9269,41.78336056,140.8028406,35.2,5545567412,15.0
S0146,工業高校裏,2,67,0.9276,0.6575,0.4596,41.78336056,140.8028406,35.2,5545567412,15.0
S0147,巴中学校,1,31,0.3935,0.3935,0.345,41.779467,140.7509,7.3,4030816335,56.3
S0148,市役所,1,34,0.5831,0.4353,0.2926,41.824167,140.653056,2.5,505082286,4078.4
S0149,市役所前,9,668,1.0,0.9999,0.9995,41.76948,140.725633,1.3,266530547,6.1
S0150,市役所前・平山医院,2,67,0.9276,0.6575,0.4596,41.768688,140.728943,3.7,12090442314,37.4
S0151,市民会館・函館アリーナ前,1,56,0.8031,0.5602,0.5185,41.906414,140.643463,28.4,1620295510,8280.8
S0152,市立函館病院,6,248,0.9993,0.9885,0.9147,41.805449,140.73012,5.0,5739362184,73.5
S0153,市立函館高校前,6,224,0.9987,0.9729,0.9269,41.906414,140.643463,28.4,1620295510,8280.8
S0154,幸坂,5,156,0.9889,0.9361,0.8087,41.895721,140.694412,78.0,1620297125,5306.7
S0155,弥生町,5,156,0.9889,0.9361,0.8087,41.768703,140.706131,23.5,1612100680,30.3
S0156,慰霊碑前,1,33,0.3935,0.3935,0.3697,41.895721,140.694412,78.0,1620297125,5306.7
S0157,戸倉ケ丘団地入口,6,257,0.9996,0.9823,0.9521,41.782669,140.801865,33.3,5545572054,11.6
S0158,戸倉ヶ丘団地入口,1,34,0.3935,0.4927,0.2926,41.782669,140.801865,33.3,5545572054,11.6
S0159,戸倉中学校下,9,381,0.9994,0.9979,0.9893,41.782669,140.801865,33.3,5545572054,11.6
S0160,戸倉町,9,381,0.9994,0.9979,0.9893,41.782669,140.801865,33.3,5545572054,11.6
S0161,支援学入口,1,34,0.5831,0.4353,0.2926,41.82501111,140.6473861,2.9,505082286,4445.7
S0162,支援学校入口,7,288,0.9994,0.9917,0.9269,41.82501111,140.6473861,2.9,505082286,4445.7
S0163,放光寺,1,21,0.3935,0.2212,0.2649,41.895721,140.694412,78.0,1620297125,5306.7
S0164,教育大通,6,192,0.9972,0.9664,0.8422,41.82102379,140.7472024,32.3,667396900,22.1
S0165,新世橋,7,318,0.9994,0.9962,0.981,41.760963,140.847366,29.1,5494199386,78.7
S0166,新函館北斗駅,1,23,0.4647,0.3486,0.1426,41.906414,140.643463,28.4,1620295510,8280.8
S0167,新川町,24,1176,1.0,1.0,1.0,41.773745,140.7356,3.6,501903386,5.1
S0168,新都市病院前,12,465,0.9994,0.9996,0.9949,41.760963,140.847366,29.1,5494199386,78.7
S0169,新都市病院正門前,5,226,0.9996,0.9817,0.8647,41.760963,140.847366,29.1,5494199386,78.7
S0170,日吉営業所前,8,273,0.9994,0.9885,0.9397,41.78849,140.790161,27.8,5613261863,60.2
S0171,日吉四丁目団地,1,43,0.8031,0.5105,0.3193,41.78849,140.790161,27.8,5613261863,60.2
S0172,日吉町１丁目,17,718,0.9994,0.9994,0.9998,41.78849,140.790161,27.8,5613261863,60.2
S0173,日吉町４丁目,4,122,0.9889,0.8494,0.719,41.803566,140.793091,47.2,8431959505,36.5
S0174,日吉自由が丘団地,3,108,0.9436,0.8439,0.6965,41.78849,140.790161,27.8,5613261863,60.2
S0175,旭岡中学校前,3,116,0.9561,0.8494,0.7398,41.800659,140.836044,91.0,5508804925,138.5
S0176,旭岡公園前,2,99,0.9436,0.8134,0.6177,41.800659,140.836044,91.0,5508804925,138.5
S0177,旭岡団地,5,215,0.9981,0.9729,0.9079,41.800659,140.836044,91.0,5508804925,138.5
S0178,旭岡小学校前,5,215,0.9981,0.9729,0.9079,41.800659,140.836044,91.0,5508804925,138.5
S0179,旭岡幼稚園前,5,215,0.9981,0.9729,0.9079,41.800659,140.836044,91.0,5508804925,138.5
S0180,旭岡生協前,1,19,0.2212,0.2749,0.2061,41.800659,140.836044,91.0,5508804925,138.5
S0181,旭町,1,12,0.2212,0.1016,0.1426,41.76683,140.728012,1.9,757022309,12.1
S0182,明治館前,1,48,0.5831,0.5105,0.48,41.895721,140.694412,78.0,1620297125,5306.7
S0183,昭和,9,363,0.9994,0.998,0.9843,41.816319,140.743484,22.4,5770892532,14.5
S0184,昭和ターミナル,23,912,0.9994,0.9994,0.9994,41.816319,140.743484,22.4,5770892532,14.5
S0185,昭和営業所前,17,616,0.9994,0.9994,0.9991,41.816319,140.743484,22.4,5770892532,14.5
S0186,昭和営業所前／昭和ターミナル,1,31,0.3935,0.3935,0.345,41.816319,140.743484,22.4,5770892532,14.5
S0187,昭和小学校前,13,477,0.9994,0.9998,0.994,41.816319,140.743484,22.4,5770892532,14.5
S0188,昭和橋,24,1176,1.0,1.0,1.0,41.816319,140.743484,22.4,5770892532,14.5
S0189,昭和通,6,168,0.9924,0.9446,0.836,41.816319,140.743484,22.4,5770892532,14.5
S0190,昭和通・小笹内科医院,2,67,0.9276,0.6575,0.4596,41.816319,140.743484,22.4,5770892532,14.5
S0191,昭和高台,13,477,0.9994,0.9998,0.994,41.816319,140.743484,22.4,5770892532,14.5
S0192,昭和１丁目,6,225,0.9985,0.9789,0.9114,41.816319,140.743484,22.4,5770892532,14.5
S0193,昭和２丁目,13,477,0.9994,0.9998,0.994,41.813587,140.738708,14.4,1923740735,12.8
S0194,時任町,1,31,0.3935,0.3935,0.345,41.783077,140.753845,12.8,4778686502,27.4
S0195,本通中学校前,3,110,0.9276,0.8494,0.7398,41.798523,140.763077,14.1,1912701831,20.2
S0196,本通小学校前,3,110,0.9276,0.8494,0.7398,41.798523,140.763077,14.1,1912701831,20.2
S0197,本通小学校裏,5,177,0.9948,0.9465,0.8594,41.798523,140.763077,14.1,1912701831,20.2
S0198,本通新橋,2,67,0.9276,0.6575,0.4596,41.798523,140.763077,14.1,1912701831,20.2
S0199,本通１丁目,3,110,0.9276,0.8494,0.7398,41.798523,140.763077,14.1,1912701831,20.2
S0200,杉並町,13,944,1.0,1.0,1.0,41.78869,140.75875,17.9,12809400013,6.5
S0201,東久根別,4,118,0.9658,0.8439,0.7496,41.825943,140.680282,3.8,472636152,2190.8
S0202,東山ゴルフ場,1,52,0.7135,0.6575,0.3697,41.812267,140.771393,28.8,1923679186,57.6
S0203,東山ニュータウン,1,52,0.7135,0.6575,0.3697,41.812267,140.771393,28.8,1923679186,57.6
S0204,東山公園,17,657,0.9994,0.9994,0.9996,41.812267,140.771393,28.8,1923679186,57.6
S0205,東山団地,15,587,0.9994,0.9994,0.999,41.812267,140.771393,28.8,1923679186,57.6
S0206,東山墓園前,1,21,0.3935,0.2212,0.2649,41.812267,140.771393,28.8,1923679186,57.6
S0207,東山町,1,21,0.3935,0.2212,0.2649,41.829136,140.816681,194.5,5715192984,170.7
S0208,東山町西,1,21,0.3935,0.2212,0.2649,41.829136,140.816681,194.5,5715192984,170.7
S0209,東山見晴台団地下,1,24,0.5276,0.2749,0.2061,41.812267,140.771393,28.8,1923679186,57.6
S0210,東本通,17,647,0.9994,0.9994,0.9995,41.812267,140.771393,28.8,1923679186,57.6
S0211,東横イン函館朝市前,1,48,0.5831,0.5105,0.48,41.812267,140.771393,28.8,1923679186,57.6
S0212,東浜２丁目,1,33,0.3935,0.3935,0.3697,41.823318,140.661758,4.0,505082286,3535.0
S0213,東港,3,116,0.9561,0.8908,0.6594,41.812267,140.771393,28.8,1923679186,57.6
S0214,東照宮参道,1,21,0.3935,0.2212,0.2649,41.812267,140.771393,28.8,1923679186,57.6
S0215,東陣川・翔大鋼業前,1,21,0.3935,0.2212,0.2649,41.812267,140.771393,28.8,1923679186,57.6
S0216,松原通,3,98,0.9561,0.8134,0.6177,41.788235,140.761383,18.4,5619912384,13.7
S0217,松川町,5,156,0.9889,0.9361,0.8087,41.785404,140.736206,2.6,4776490362,19.1
S0218,松風町,25,1213,1.0,1.0,1.0,41.77149,140.7332,3.8,4659387015,16.0
S0219,松風町・そよかぜ,2,44,0.7769,0.5105,0.3697,41.771976,140.732651,3.5,4659387027,12.2
S0220,松風町・プレイＧ,1,52,0.7135,0.6575,0.3697,41.771976,140.732651,3.5,4659387027,12.2
S0221,林業試験場前,3,98,0.9561,0.8134,0.6177,41.895721,140.694412,78.0,1620297125,5306.7
S0222,柏木町,12,903,1.0,1.0,1.0,41.787925,140.7653,18.8,12248627914,22.3
S0223,柏野小学校裏,2,67,0.9276,0.6575,0.4596,41.791375,140.7598194,16.3,666139417,25.9
S0224,栄町,1,12,0.2212,0.1016,0.1426,41.764572,140.72644,2.3,262998946,27.4
S0225,栗の木公園,1,21,0.3935,0.2212,0.2649,41.895721,140.694412,78.0,1620297125,5306.7
S0226,桐花通中央,13,477,0.9994,0.9998,0.994,41.895721,140.694412,78.0,1620297125,5306.7
S0227,桔梗,1,59,0.8806,0.6049,0.4384,41.829765,140.729477,29.2,5137535074,31.9
S0228,桔梗中通,3,98,0.9561,0.8134,0.6177,41.829765,140.729477,29.2,5137535074,31.9
S0229,桔梗小学校前,1,59,0.8806,0.6049,0.4384,41.829765,140.729477,29.2,5137535074,31.9
S0230,桔梗町４１８番地,2,56,0.8031,0.6049,0.48,41.840313,140.732941,43.6,5818331123,66.9
S0231,桔梗福祉交流センター,4,157,0.9954,0.9263,0.7853,41.829765,140.729477,29.2,5137535074,31.9
S0232,桜ヶ丘団地前,3,116,0.9561,0.8908,0.6594,41.832554,140.61116,55.0,505082286,7065.3
S0233,桜岡,3,98,0.9561,0.8134,0.6177,41.832554,140.61116,55.0,505082286,7065.3
S0234,棒二・のぞみ大門,2,67,0.9276,0.6575,0.4596,41.768688,140.728943,3.7,12090442314,37.4
S0235,棒二森屋前,14,431,0.9994,0.9996,0.9855,41.895721,140.694412,78.0,1620297125,5306.7
S0236,機関区前,3,100,0.8806,0.8199,0.6965,41.895721,140.694412,78.0,1620297125,5306.7
S0237,武佐川橋,3,98,0.9561,0.8134,0.6177,41.895721,140.694412,78.0,1620297125,5306.7
S0238,津軽海峡フェリー,1,44,0.8031,0.4551,0.3935,41.895721,140.694412,78.0,1620297125,5306.7
S0239,流通センター入口,5,204,0.9964,0.9676,0.9043,41.895721,140.694412,78.0,1620297125,5306.7
S0240,浄水場下,8,255,0.9987,0.9897,0.9397,41.895721,140.694412,78.0,1620297125,5306.7
S0241,浜分小学校前,3,85,0.9361,0.7135,0.6177,41.82587222,140.702025,4.6,1620292687,552.2
S0242,海岸町,1,14,0.2212,0.2212,0.1426,41.78133,140.729492,1.3,808762742,45.1
S0243,深堀町,14,975,1.0,1.0,1.0,41.787145,140.770009,17.3,666164004,8.1
S0244,清尚学院・高台通り,7,246,0.9991,0.9847,0.9373,41.86377,140.658249,13.2,505082286,3872.9
S0245,清尚学院高等学校前,2,91,0.8031,0.8262,0.6177,41.86377,140.658249,13.2,505082286,3872.9
S0246,清尚学院高等学校前(高台通),2,67,0.907,0.7135,0.3935,41.86377,140.658249,13.2,505082286,3872.9
S0247,清尚学院高等学校前（高台通）,2,73,0.8806,0.6811,0.5709,41.86377,140.658249,13.2,505082286,3872.9
S0248,渡島総合振興局前,7,236,0.9992,0.9847,0.9079,41.81975173,140.75331378,38.4,3380977396,46.9
S0249,港,2,95,0.9276,0.7923,0.6846,41.804674,140.716767,2.1,4804432895,84.5
S0250,港中学校前,1,44,0.8031,0.4551,0.3935,41.802166,140.725266,2.6,5736861655,13.9
S0251,港小学校前,6,248,0.9993,0.9885,0.9147,41.802166,140.725266,2.6,5736861655,13.9
S0252,港小学校通,1,44,0.8031,0.4551,0.3935,41.802166,140.725266,2.6,5736861655,13.9
S0253,港町臨港通,1,44,0.8031,0.4551,0.3935,41.802166,140.725266,2.6,5736861655,13.9
S0254,港町１丁目,5,198,0.9964,0.9676,0.884,41.802166,140.725266,2.6,5736861655,13.9
S0255,湯の川プリンスホテル,1,37,0.7769,0.4551,0.2649,41.778534,140.783005,4.7,4805838277,17.1
S0256,湯の川温泉,7,669,1.0,0.9999,0.9995,41.78003,140.78515,4.5,5533967917,12.5
S0257,湯倉神社前,19,815,0.9994,0.9994,0.9994,41.778534,140.783005,4.7,4805838277,17.1
S0258,湯元花の湯前,3,98,0.9561,0.8134,0.6177,41.778534,140.783005,4.7,4805838277,17.1
S0259,湯出川２号橋,3,98,0.9561,0.8134,0.6177,41.778534,140.783005,4.7,4805838277,17.1
S0260,湯川中学校前,16,675,0.9994,0.9994,0.9997,41.778534,140.783005,4.7,4805838277,17.1
S0261,湯川中学校前・福徳整,1,43,0.7135,0.4927,0.4164,41.778534,140.783005,4.7,4805838277,17.1
S0262,湯川団地中央,9,381,0.9994,0.9979,0.9893,41.778534,140.783005,4.7,4805838277,17.1
S0263,湯川団地北口,9,381,0.9994,0.9979,0.9893,41.778534,140.783005,4.7,4805838277,17.1
S0264,湯川小学校前,9,381,0.9994,0.9979,0.9893,41.778534,140.783005,4.7,4805838277,17.1
S0265,湯川温泉電停前,8,366,0.9994,0.9979,0.9905,41.778534,140.783005,4.7,4805838277,17.1
S0266,瀬戸川町,2,110,0.9436,0.8134,0.7853,41.777,140.823318,42.7,12258970215,131.9
S0267,熱帯植物園前,3,135,0.9838,0.9019,0.7296,41.895721,140.694412,78.0,1620297125,5306.7
S0268,特別支援学校前,7,236,0.9992,0.9847,0.9079,41.82327736,140.7476022,37.1,1911808937,71.8
S0269,田家入口,15,475,0.9994,0.9997,0.9961,41.797829,140.746063,8.2,5688154702,25.6
S0270,町民ｾﾝﾀｰ・ｺﾓﾝ前,3,98,0.9561,0.8134,0.6177,41.895721,140.694412,78.0,1620297125,5306.7
S0271,白百合学園前,16,630,0.9994,0.9994,0.9993,41.793392,140.745544,6.4,5677862736,15.8
S0272,白鳥町,6,192,0.9972,0.9664,0.8422,41.793392,140.745544,6.4,5677862736,15.8
S0273,的場町,1,31,0.3935,0.3935,0.345,41.778622,140.751846,6.7,1633047687,28.6
S0274,石川保育園前,1,46,0.8031,0.4927,0.3697,41.835342,140.743637,41.2,5808553399,88.9
S0275,石川学園台,5,226,0.9996,0.9817,0.8647,41.835342,140.743637,41.2,5808553399,88.9
S0276,石川町,1,46,0.8031,0.4927,0.3697,41.835342,140.743637,41.2,5808553399,88.9
S0277,石川町中央,7,311,0.9994,0.9948,0.9397,41.835342,140.743637,41.2,5808553399,88.9
S0278,石川町中央・藤岡眼科,1,39,0.3935,0.5105,0.3935,41.835342,140.743637,41.2,5808553399,88.9
S0279,石川町会館前,8,350,0.9994,0.9973,0.9634,41.835342,140.743637,41.2,5808553399,88.9
S0280,石川町第一公園,6,224,0.9987,0.9817,0.8926,41.835342,140.743637,41.2,5808553399,88.9
S0281,石田文具・七重浜２,1,33,0.3935,0.3935,0.3697,41.753216,140.879135,16.1,5483083536,45.0
S0282,神山通,24,888,0.9994,0.9994,0.9994,41.81601,140.762756,34.2,1923679679,17.2
S0283,神山通・エンゼル小児,1,46,0.8031,0.4927,0.3697,41.81601,140.762756,34.2,1923679679,17.2
S0284,神山２丁目,1,21,0.3935,0.2212,0.2649,41.81234,140.767334,28.3,5713750570,28.0
S0285,称名寺通,5,156,0.9889,0.9361,0.8087,41.895721,140.694412,78.0,1620297125,5306.7
S0286,稲荷神社前,2,75,0.8806,0.6923,0.5709,41.90448,140.661774,22.0,1620295510,7271.7
S0287,空港団地,2,110,0.9436,0.8134,0.7853,41.895721,140.694412,78.0,1620297125,5306.7
S0288,空港団地入口,4,166,0.9902,0.9118,0.8926,41.895721,140.694412,78.0,1620297125,5306.7
S0289,競輪場通,1,37,0.7769,0.4551,0.2649,41.7770469166667,140.762874194444,8.1,5554541733,37.7
S0290,競馬場前,12,900,1.0,1.0,1.0,41.784195,140.7765,13.0,13143886070,5.9
S0291,第３・新東山墓園,1,52,0.7135,0.6575,0.3697,41.895721,140.694412,78.0,1620297125,5306.7
S0292,総合福祉センター裏,1,14,0.2212,0.2212,0.1426,41.895721,140.694412,78.0,1620297125,5306.7
S0293,美原台,1,46,0.8031,0.4927,0.3697,41.815361,140.749695,27.6,5746679019,40.6
S0294,美原台団地,6,224,0.9987,0.9817,0.8926,41.815361,140.749695,27.6,5746679019,40.6
S0295,美原台団地入口,6,224,0.9987,0.9817,0.8926,41.815361,140.749695,27.6,5746679019,40.6
S0296,美原台東,6,224,0.9987,0.9817,0.8926,41.815361,140.749695,27.6,5746679019,40.6
S0297,美原３丁目,6,197,0.9985,0.9676,0.8422,41.820442,140.746567,30.1,1911808543,22.1
S0298,美原３丁目・金物,1,39,0.3935,0.5105,0.3935,41.820442,140.746567,30.1,1911808543,22.1
S0299,臨港橋,1,44,0.8031,0.4551,0.3935,41.895721,140.694412,78.0,1620297125,5306.7
S0300,臨空工業団地入口,1,24,0.5276,0.2749,0.2061,41.8154258055556,140.811829611111,119.5,5714669490,61.2
S0301,臨空工業団地通,1,24,0.5276,0.2749,0.2061,41.8154258055556,140.811829611111,119.5,5714669490,61.2
S0302,自衛隊前,1,31,0.3935,0.3935,0.345,41.76806392,140.7129326,2.1,5585846225,9.9
S0303,船見町・外国人墓地,1,34,0.3935,0.4551,0.345,41.765739,140.704468,76.1,2726186290,39.6
S0304,船見町・外国人墓地前,4,122,0.9765,0.8827,0.6965,41.765739,140.704468,76.1,2726186290,39.6
S0305,花びしホテル前,2,98,0.9436,0.8134,0.6177,41.79195,140.781509,11.5,1925463927,29.7
S0306,花園団地通,16,604,0.9994,0.9994,0.9993,41.79195,140.781509,11.5,1925463927,29.7
S0307,花園町,19,793,0.9994,0.9994,0.9994,41.79195,140.781509,11.5,1925463927,29.7
S0308,花園町・十字街,5,212,0.9964,0.9676,0.9269,41.79195,140.781509,11.5,1925463927,29.7
S0309,若松町,8,235,0.9994,0.9817,0.9114,41.774662,140.728043,1.0,1681847230,8.4
S0310,蔦屋書店前,3,70,0.8031,0.7031,0.5185,41.895721,140.694412,78.0,1620297125,5306.7
S0311,藤岡眼科前,1,44,0.7135,0.5105,0.3935,41.929035,140.67157,58.8,2647268193,9152.8
S0312,西堀病院前,8,277,0.9994,0.9907,0.9323,41.794537,140.822525,71.6,5518780873,11.6
S0313,西旭岡一丁目,1,19,0.2212,0.2749,0.2061,41.794537,140.822525,71.6,5518780873,11.6
S0314,西旭岡二丁目,1,19,0.2212,0.2749,0.2061,41.794537,140.822525,71.6,5518780873,11.6
S0315,西旭岡１丁目,4,196,0.9972,0.9639,0.884,41.794537,140.822525,71.6,5518780873,11.6
S0316,西旭岡２丁目,4,196,0.9972,0.9639,0.884,41.794537,140.822525,71.6,5518780873,11.6
S0317,西旭岡３丁目,2,97,0.9436,0.7923,0.6594,41.794537,140.822525,71.6,5518780873,11.6
S0318,西旭岡４区,5,215,0.9981,0.9729,0.9079,41.794537,140.822525,71.6,5518780873,11.6
S0319,西桔梗,5,204,0.9964,0.9676,0.9043,41.83232,140.715029,9.9,1620293239,74.2
S0320,西高校前,2,78,0.8647,0.7031,0.6594,41.794537,140.822525,71.6,5518780873,11.6
S0321,見晴通,4,160,0.9817,0.9446,0.8087,41.799255,140.812805,87.5,722119052,240.6
S0322,見晴通入口,3,98,0.9561,0.8134,0.6177,41.799255,140.812805,87.5,722119052,240.6
S0323,警察署前,15,475,0.9994,0.9997,0.9961,41.81828899,140.75589595,38.9,12684663570,18.2
S0324,谷地頭,3,276,0.9948,0.9796,0.9589,41.75323,140.716396,0.4,266531006,30.3
S0325,谷地頭温泉,1,12,0.2212,0.1016,0.1426,41.751594,140.714303,3.6,1612099510,27.6
S0326,谷好住民センター,1,33,0.3935,0.3935,0.3697,41.818546,140.631454,5.3,505082286,5942.6
S0327,谷川小学校前,1,33,0.3935,0.3935,0.3697,41.751545,140.712204,20.8,1612099494,27.4
S0328,赤川,8,255,0.9987,0.9897,0.9397,41.825775,140.759918,56.2,5761789637,8.3
S0329,赤川1丁目,8,256,0.9993,0.9872,0.9397,41.825775,140.759918,56.2,5761789637,8.3
S0330,赤川1丁目・ﾗｲﾌﾌﾟﾚｽﾃ,1,45,0.7472,0.5602,0.3193,41.825775,140.759918,56.2,5761789637,8.3
S0331,赤川三区,6,181,0.9902,0.9626,0.8594,41.825775,140.759918,56.2,5761789637,8.3
S0332,赤川中学校前,1,46,0.8031,0.4927,0.3697,41.825775,140.759918,56.2,5761789637,8.3
S0333,赤川入口,9,301,0.9998,0.9948,0.962,41.825775,140.759918,56.2,5761789637,8.3
S0334,赤川四区,6,181,0.9902,0.9626,0.8594,41.825775,140.759918,56.2,5761789637,8.3
S0335,赤川小学校前,8,255,0.9987,0.9897,0.9397,41.825775,140.759918,56.2,5761789637,8.3
S0336,赤川貯水池,8,255,0.9987,0.9897,0.9397,41.825775,140.759918,56.2,5761789637,8.3
S0337,赤川通,9,301,0.9998,0.9948,0.962,41.825775,140.759918,56.2,5761789637,8.3
S0338,赤川３区,2,74,0.8647,0.7135,0.5366,41.825775,140.759918,56.2,5761789637,8.3
S0339,赤川４区,2,74,0.8647,0.7135,0.5366,41.825775,140.759918,56.2,5761789637,8.3
S0340,農住団地中央通,3,110,0.9276,0.8494,0.7398,41.895721,140.694412,78.0,1620297125,5306.7
S0341,農住団地北口,3,110,0.9276,0.8494,0.7398,41.895721,140.694412,78.0,1620297125,5306.7
S0342,追分グリーンヴィラ,3,85,0.9361,0.7135,0.6177,41.847797,140.695847,5.9,505082286,561.5
S0343,追分福祉センター前,3,85,0.9361,0.7135,0.6177,41.847797,140.695847,5.9,505082286,561.5
S0344,道南四季の杜公園,2,74,0.8647,0.7135,0.5366,41.846491,140.767967,119.2,3562572567,98.0
S0345,金融公庫前,5,156,0.9889,0.9361,0.8087,41.776165,140.760452,7.1,5556952103,19.6
S0346,銀座通,5,156,0.9889,0.9361,0.8087,41.895721,140.694412,78.0,1620297125,5306.7
S0347,鍛治さくら認定こども,1,46,0.8031,0.4927,0.3697,41.804169,140.763824,18.0,1912702063,26.7
S0348,鍛治さくら認定こども園,7,231,0.9993,0.9817,0.8926,41.804169,140.763824,18.0,1912702063,26.7
S0349,鍛治団地,8,277,0.9994,0.9907,0.9323,41.804169,140.763824,18.0,1912702063,26.7
S0350,鍛治２丁目,8,277,0.9994,0.9907,0.9323,41.807476,140.767105,21.8,1912702162,32.9
S0351,開発建設部前,3,103,0.9436,0.8494,0.6177,41.86866,140.669662,12.8,505082286,3592.0
S0352,附属中学校前,7,236,0.9992,0.9847,0.9079,41.895721,140.694412,78.0,1620297125,5306.7
S0353,陣川団地前,1,21,0.3935,0.2212,0.2649,41.818089,140.775284,69.0,1923680217,13.9
S0354,陣川１丁目,1,21,0.3935,0.2212,0.2649,41.818089,140.775284,69.0,1923680217,13.9
S0355,電話交換局前,7,291,0.9998,0.9917,0.9648,41.895721,140.694412,78.0,1620297125,5306.7
S0356,青柳町,3,276,0.9948,0.9796,0.9589,41.756475,140.718467,15.7,6204823844,9.6
S0357,駒場車庫,1,51,0.5276,0.6049,0.48,41.78233,140.77388,11.1,12206985490,80.4
S0358,駒場車庫前,11,849,1.0,1.0,1.0,41.783322,140.77913,11.6,13143890859,10.3
S0359,高台坂下,5,197,0.9902,0.9676,0.9114,41.789322,140.803345,35.2,1925463300,38.5
S0360,高竜寺前,5,156,0.9889,0.9361,0.8087,41.789322,140.803345,35.2,1925463300,38.5
S0361,高野寺,1,21,0.3935,0.2212,0.2649,41.789322,140.803345,35.2,1925463300,38.5
S0362,鱒川入口,2,99,0.9436,0.8134,0.6177,41.830837,140.863129,172.3,722091742,671.8
S0363,鳴川,3,98,0.9561,0.8134,0.6177,41.881184,140.698547,38.9,1620295510,3806.5
S0364,ＪＲ車両所前,8,290,0.9985,0.9942,0.9731,41.895721,140.694412,78.0,1620297125,5306.7
S0365,ＮＣＶ函館センター,3,98,0.9561,0.8134,0.6177,41.895721,140.694412,78.0,1620297125,5306.7
S0366,ＮＴＴ前,1,41,0.3935,0.5602,0.345,41.895721,140.694412,78.0,1620297125,5306.7
S0367,ﾎｰﾏｯｸｽｰﾊﾟｰﾃﾞﾎﾟ石川,1,59,0.8806,0.6049,0.4384,41.835342,140.743637,41.2,5808553399,88.9
S0368,アリーナ前,4,534,0.9999,0.9995,0.9981,41.78189,140.78245,5.5,5554084781,18.2
S0369,五稜郭公園前,4,534,0.9999,0.9995,0.9981,41.789208,140.752523,16.4,472304367,7.5
S0370,函館どつく前,2,270,0.9874,0.9773,0.9605,41.77315,140.7043,2.0,501597924,23.2
S0371,大町,2,270,0.9874,0.9773,0.9605,41.769948,140.709323,3.0,2517509050,1.7
S0372,末広町,2,270,0.9874,0.9773,0.9605,41.766603,140.712461,3.0,4748558682,11.8
S0373,湯の川,4,534,0.9999,0.9995,0.9981,41.781108,140.790094,4.7,4748676225,24.4
S0374,魚市場通,4,534,0.9999,0.9995,0.9981,41.76679,140.722941,1.8,4747919464,3.8
